id,title,body
1,saad,asdasd
2,"Second Post","This is my Second Post"
3,"'""'asdas'das'dasd'asd",dasdasdasda
4,ssssssssssssssssss,"
Welcome to My Site"
5,"Second Posts","This is my 23nd Posts
"
6,hi,"This is  Biswarup Adhikari"
7,"This is  Biswarup Adhikari","This is  Biswarup Adhikari"
8,"<p>This is  Biswarup Adhikari<img src=""images/2013-01-08-113645.jpg"" border=""0"" alt="""" width=""298"" height=""224"" style=""float: right;"" /></p>","<p><strong>This is Biswarup Adhikari</strong><img src=""images/2013-01-08-113645.jpg"" border=""0"" alt="""" width=""298"" height=""224"" style=""float: right;"" /></p>"
9,sdfsdf,"<p>sdfsdfsdfsdfsdf</p>
<p><img src=""images/2013-01-08-113645.jpg"" border=""0"" alt="""" /></p>
<p> </p>
<p> </p>
<hr id=""system-readmore"" />
<p>sdfsdfsdfkjsd fskdf skdfh ksdfhksdhfksdfhksd fskdhf ksdhfksdhfksdjhfkshdfkshdf</p>"
10,"Alam Post","<p><img src=""images/2013-01-04-155540.jpg"" border=""0"" alt="""" width=""427"" height=""320"" /></p>
<p> </p>
<p><strong>Wel to My Blog</strong></p>"
